{
  "class_name": "PinholeCameraTrajectory",
  "parameters": [
    {
      "class_name": "PinholeCameraParameters",
      "extrinsic": [
        1.0,
        -0.0,
        -0.0,
        0.0,
        0.0,
        -1.0,
        -0.0,
        0.0,
        0.0,
        -0.0,
        -1.0,
        0.0,
        -0.059382023590086389,
        0.029257564349204981,
        0.14963989246631998,
        1.0
      ],
      "intrinsic": {
        "height": 1080,
        "intrinsic_matrix": [
          935.30743608719399,
          0.0,
          0.0,
          0.0,
          935.30743608719399,
          0.0,
          959.5,
          539.5,
          1.0
        ],
        "width": 1920
      },
      "version_major": 1,
      "version_minor": 0
    },
    {
      "class_name": "PinholeCameraParameters",
      "extrinsic": [
        1.0,
        -0.0,
        -0.0,
        0.0,
        0.0,
        -1.0,
        -0.0,
        0.0,
        0.0,
        -0.0,
        -1.0,
        0.0,
        -0.08,
        0.03,
        0.15,
        1.0
      ],
      "intrinsic": {
        "height": 1080,
        "intrinsic_matrix": [
          935.30743608719399,
          0.0,
          0.0,
          0.0,
          935.30743608719399,
          0.0,
          959.5,
          539.5,
          1.0
        ],
        "width": 1920
      },
      "version_major": 1,
      "version_minor": 0
    },
    {
      "class_name": "PinholeCameraParameters",
      "extrinsic": [
        0.98636342738465843,
        -0.067191837309675678,
        0.15024129298212222,
        0.0,
        0.16212733391514467,
        0.23961617128160062,
        -0.95723498580960464,
        0.0,
        0.028318134040875319,
        0.96853980169082199,
        0.24724226140598682,
        0.0,
        -0.06,
        -0.002,
        0.16,
        1.0
      ],
      "intrinsic": {
        "height": 1080,
        "intrinsic_matrix": [
          935.30743608719399,
          0.0,
          0.0,
          0.0,
          935.30743608719399,
          0.0,
          959.5,
          539.5,
          1.0
        ],
        "width": 1920
      },
      "version_major": 1,
      "version_minor": 0
    },
    {
      "class_name": "PinholeCameraParameters",
      "extrinsic": [
        0.94175073751407312,
        -0.25119189944844661,
        0.22362508366277048,
        0.0,
        0.30802015154417028,
        0.91116755378968439,
        -0.27367366545509819,
        0.0,
        -0.13501531259233526,
        0.32661340843940267,
        0.93546488271510764,
        0.0,
        -0.06,
        -0.01,
        0.14,
        1.0
      ],
      "intrinsic": {
        "height": 1080,
        "intrinsic_matrix": [
          935.30743608719399,
          0.0,
          0.0,
          0.0,
          935.30743608719399,
          0.0,
          959.5,
          539.5,
          1.0
        ],
        "width": 1920
      },
      "version_major": 1,
      "version_minor": 0
    },
    {
      "class_name": "PinholeCameraParameters",
      "extrinsic": [
        0.90709792644847376,
        -0.41804000612418291,
        0.04915185767163445,
        0.0,
        0.22291998407851293,
        0.5761663628271263,
        0.78634534591678984,
        0.0,
        -0.35704346028363976,
        -0.70233530142393774,
        0.61582878451922951,
        0.0,
        -0.06,
        0.007,
        0.12,
        1.0
      ],
      "intrinsic": {
        "height": 1080,
        "intrinsic_matrix": [
          935.30743608719399,
          0.0,
          0.0,
          0.0,
          935.30743608719399,
          0.0,
          959.5,
          539.5,
          1.0
        ],
        "width": 1920
      },
      "version_major": 1,
      "version_minor": 0
    }
  ],
  "version_major": 1,
  "version_minor": 0
}
