{
  "class_name": "PinholeCameraParameters",
  "extrinsic": [
    1.0,
    -0.0,
    -0.0,
    0.0,
    0.0,
    -1.0,
    -0.0,
    0.0,
    0.0,
    -0.0,
    -1.0,
    0.0,
    -0.059382023590086389,
    0.029257564349204981,
    0.14963989246631998,
    1.0
  ],
  "intrinsic": {
    "height": 1080,
    "intrinsic_matrix": [
      935.30743608719399,
      0.0,
      0.0,
      0.0,
      935.30743608719399,
      0.0,
      959.5,
      539.5,
      1.0
    ],
    "width": 1920
  },
  "version_major": 1,
  "version_minor": 0
}