{
  "class_name": "PinholeCameraParameters",
  "extrinsic": [
    0.94175073751407312,
    -0.25119189944844661,
    0.22362508366277048,
    0.0,
    0.30802015154417028,
    0.91116755378968439,
    -0.27367366545509819,
    0.0,
    -0.13501531259233526,
    0.32661340843940267,
    0.93546488271510764,
    0.0,
    -0.06,
    -0.01,
    0.14,
    1.0
  ],
  "intrinsic": {
    "height": 1080,
    "intrinsic_matrix": [
      935.30743608719399,
      0.0,
      0.0,
      0.0,
      935.30743608719399,
      0.0,
      959.5,
      539.5,
      1.0
    ],
    "width": 1920
  },
  "version_major": 1,
  "version_minor": 0
}